No,名前,国・地域,タグ,起点 〜 終点,距離,特徴,見どころ,物語スイッチ,ベストシーズン × 表情変化,到達後のご褒美,覚悟レベル,危険・制限,ChatGPT一言,Geminiの一言,ブー之助の一言
1,サンティアゴ・デ・コンポステーラ（フランス人の道）,スペイン/フランス,#歴史 #巡礼,サン＝ジャン＝ピエ＝ド＝ポル 〜 サンティアゴ・デ・コンポステーラ,約100〜800km,世界で最も有名な巡礼路。世界遺産。,ピレネー越え、ブルゴスの大聖堂、オ・セブレイロの石造りの村、ボタフメイロ（大香炉）,人生を削ぎ落とすために、人はこの道を歩く,春：再生／夏：賑わい／秋：内省,巡礼証明書と静かな涙,巡礼,★判断不可★,削ぎ落とされた後に、残るものが本質,,
2,中山道,日本,#歴史,日本橋 〜 三条大橋,約50〜500km,江戸時代の五街道の一つ。山間を通る「姫街道」。,妻籠宿・馬籠宿の古い町並み、碓氷峠、木曽路の石畳,日本人の時間感覚を取り戻すための道,春：新緑／秋：宿場が最良,宿場町の湯と一杯の蕎麦,旅,★判断不可★,部分踏破でも十分に深い,,
3,アッピア街道,イタリア,#歴史,ローマ 〜 ブリンディジ,約50〜500km,「街道の女王」。古代ローマの石畳が現存。,松並木と石畳、カタコンベ、水道橋遺跡,2000年前と同じ石を踏む,春秋：歩行最適／夏：日差し強,ローマの夜風,旅,★判断不可★,都市近郊区間が歩きやすい,,
4,インカ道（インカ・トレイル）,ペルー,#歴史 #山岳,ピスカクーチョ 〜 マチュピチュ,約100〜300km,雲上の帝国へ至る古道。,死婦人の峠、太陽の門、マチュピチュ遺跡,雲の上の帝国へ至る沈黙の階段,乾季：安定／雨季：霧の幻想,マチュピチュの朝靄,挑戦,許可制・高山病,短距離だが密度は世界屈指,,
5,東海道,日本,#歴史,日本橋 〜 三条大橋,約50〜500km,江戸と京都を結ぶ大動脈。,箱根の石畳、薩埵峠の富士、大井川川越し,街道が国を形づくった証拠,春：華やぎ／冬：冴えた富士,京の夕暮れ,旅,★判断不可★,箱根区間だけでも価値がある,,
6,シルクロード（ウズベキスタン区間）,ウズベキスタン,#歴史,ヒヴァ 〜 サマルカンド 〜 タシュケント,約50〜500km,シルクロード：黄金の道（ウズベキスタン）。サマルカンド・ブハラを通る王道観光ルート,青の都、旧市街、オアシス,文明が色として記憶された道,春秋：色彩最盛／夏：酷暑,青の都の黄昏,旅,★判断不可★,色彩体験が核心,,
7,アパラチアン・トレイル (AT),アメリカ,#自然 #ロング,ジョージア州 〜 メイン州,約1000km以上,東海岸の森を縦断。,山脈、国立公園、紅葉,森の中で人生が進む,春：芽吹き／秋：紅葉,カタディン山頂,覚悟,野生動物,数百kmでも十分,,
8,ツール・ド・モンブラン (TMB),仏/伊/瑞,#山岳,シャモニー（周回）,約100〜300km,モンブラン一周。,氷河、国境、山小屋,氷河を一周する贅沢,夏：高山花／秋：澄明,山小屋料理,挑戦,天候急変,区間選択で満足度高,,
9,熊野古道（中辺路）,日本,#歴史 #巡礼,田辺 〜 熊野三山,約100〜800km,苔むす祈りの道。,大門坂、那智の滝,道そのものが祈り,梅雨：苔最盛／秋：静謐,那智の滝の轟音,巡礼,大雨,雨の日こそ本領,,
10,ルート66,アメリカ,#歴史,シカゴ 〜 サンタモニカ,約50〜500km,マザーロード。,奇岩、モーテル,失われた夢を辿る一本道,春秋：走行快適,太平洋の水平線,旅,廃道区間,区間走行で十分,,
11,リキアン・ウェイ,トルコ,#歴史,フェティエ 〜 アンタルヤ,約50〜500km,古代リキアの遺跡と地中海を見下ろす道。,断崖絶壁からの海の眺め、オリンポスの遺跡、永遠の炎（キメラ）,この道は、人が歩き続けることで意味を持つ,春秋：最適／夏：活気／冬：静寂,土地の料理・景色・静けさ,旅,★判断不可★,旅の編集者より：最初は一部区間からで十分,,
12,フランチジェナ街道,英/仏/瑞/伊,#歴史 #巡礼,カンタベリー 〜 ローマ,約100〜800km,中世に大司教が歩いた欧州縦断巡礼路。,グラン・サン・ベルナール峠、トスカーナの丘陵地帯、ローマ到着の感動,この道は、人が歩き続けることで意味を持つ,春秋：最適／夏：活気／冬：静寂,土地の料理・景色・静けさ,巡礼,★判断不可★,旅の編集者より：最初は一部区間からで十分,,
13,パシフィック・クレスト・トレイル (PCT),アメリカ,#自然 #ロング,メキシコ国境 〜 カナダ国境,約1000km以上,映画『わたしに会うまでの1600キロ』の舞台。,シエラネバダ山脈、モハベ砂漠、クレーターレイク,おとぎ話が現実だったことを知る道,春秋：最適／夏：活気／冬：静寂,城を見下ろす湖,覚悟,★判断不可★,朝か夕方を選びたい,,
14,四国遍路（88ヶ所）,日本,#歴史 #巡礼,霊山寺（徳島） 〜 大窪寺（香川）への環状,約100〜800km,1200kmに及ぶ弘法大師の祈りの道。,各札所の古刹、お接待文化、室戸岬の御厨人窟,歩くことが生活になる,春秋：最適／夏：活気／冬：静寂,国境の標識,巡礼,★判断不可★,生活と旅の境界が消える,,
15,ウェスト・ハイランド・ウェイ,スコットランド,#自然,ミルガイ 〜 フォート・ウィリアム,★判断不可★,荒涼としたハイランド地方を行く英国一番人気の道。,ローモンド湖、荒野（ムーア）の風景、ベン・ネビス山,この道は、人が歩き続けることで意味を持つ,春秋：最適／夏：活気／冬：静寂,土地の料理・景色・静けさ,旅,★判断不可★,旅の編集者より：最初は一部区間からで十分,,
16,ミルフォード・トラック,ニュージーランド,#自然,テ・アナウ湖 〜 サンドフライ・ポイント,★判断不可★,「世界一美しい散歩道」と称される。,マッキノン峠からの絶景、サザーランド滝、温帯雨林のシダ植物,世界が最初に美しく作られた場所,春秋：最適／夏：活気／冬：静寂,滝の音だけの夜,旅,★判断不可★,天候待ちも旅の一部,,
17,ハドリアヌスの長城パス,イギリス,#歴史,ウォールズエンド 〜 ボウネス,約50〜500km,ローマ帝国北限の国境線跡を歩く。,ローマ時代の城壁遺跡、サイカモア・ギャップ（映画ロケ地）、英国の田園風景,この道は、人が歩き続けることで意味を持つ,春秋：最適／夏：活気／冬：静寂,土地の料理・景色・静けさ,旅,★判断不可★,旅の編集者より：最初は一部区間からで十分,,
18,聖オラフの道,ノルウェー,#歴史 #巡礼,オスロ 〜 トロンハイム,約100〜800km,北欧のサンティアゴ。ヴァイキングの王ゆかりの道。,ドブレ山脈の荒野、ニーダロス大聖堂、北欧のフィヨルド遠景,この道は、人が歩き続けることで意味を持つ,春秋：最適／夏：活気／冬：静寂,土地の料理・景色・静けさ,巡礼,★判断不可★,旅の編集者より：最初は一部区間からで十分,,
19,済州オルレ,韓国,#自然 #文化,済州島（周回）,★判断不可★,海岸線や民家の路地をつなぐ癒やしの道。,火山岩の海岸、石垣の続く道、地元の海女文化,この道は、人が歩き続けることで意味を持つ,春秋：最適／夏：活気／冬：静寂,土地の料理・景色・静けさ,旅,★判断不可★,旅の編集者より：最初は一部区間からで十分,,
20,ジョン・ミューア・トレイル (JMT),アメリカ,#山岳 #自然,ヨセミテ渓谷 〜 ホイットニー山,約100〜300km,「最も美しい山岳トレイル」。シエラネバダの核心部。,ハーフドーム、サウザンド・アイランド湖、米国本土最高峰ホイットニー山,この道は、人が歩き続けることで意味を持つ,春秋：最適／夏：活気／冬：静寂,土地の料理・景色・静けさ,挑戦,★判断不可★,旅の編集者より：最初は一部区間からで十分,,
21,ロマンチック街道,ドイツ,#歴史,ヴュルツブルク 〜 フュッセン,約50〜500km,中世の面影を残す街をつなぐ観光ルート。ドイツ・バイエルン州を南北に縦断する、最も有名な観光街道です。,ローテンブルクの城壁、ノイシュバンシュタイン城、ヴィースの巡礼教会,人類の夢の高さを測る道,春秋：最適／夏：活気／冬：静寂,ベースキャンプの星空,旅,★判断不可★,行けるところまででいい,,
22,ヴィア・アルピナ,欧州8カ国,#山岳,トリエステ 〜 モナコ,約100〜300km,アルプス山脈を縦断する巨大ネットワーク。アルプス山脈を越えて8カ国を結ぶ長大な自然歩道（ここでは代表的な「赤ルート」の概形）。,ドロミテの岩峰、スイスの牧草地、モンブラン山群,この道は、人が歩き続けることで意味を持つ,春秋：最適／夏：活気／冬：静寂,土地の料理・景色・静けさ,挑戦,★判断不可★,旅の編集者より：最初は一部区間からで十分,,
23,奥の細道,日本,#歴史,千住 〜 大垣,約50〜500km,松尾芭蕉が歩いた東北・北陸の旅路。松尾芭蕉が歩いた東北・北陸を巡る紀行路。,松島の月、平泉の中尊寺、立石寺（山寺）,この道は、人が歩き続けることで意味を持つ,春秋：最適／夏：活気／冬：静寂,土地の料理・景色・静けさ,旅,★判断不可★,旅の編集者より：最初は一部区間からで十分,,
24,カパック・ニャン（アンデス・ロード）,南米6カ国,#歴史,コロンビア 〜 チリ・アルゼンチン,約50〜500km,インカ帝国の道路網。総延長3万km。アンデス山脈を貫くインカ帝国の壮大な道路網（メインルートの概形）。,クスコ市街、アンデスの高地集落、石畳の保存状態が良い区間,この道は、人が歩き続けることで意味を持つ,春秋：最適／夏：活気／冬：静寂,土地の料理・景色・静けさ,旅,★判断不可★,旅の編集者より：最初は一部区間からで十分,,
25,茶馬古道,中国/チベット,#歴史 #山岳,雲南省/四川省 〜 ラサ,約100〜300km,お茶と馬を交換した交易路。世界で最も険しい道の一つ。中国の茶とチベットの馬を交易した、険しい山岳地帯を行く古道。,虎跳峡の激流、シャングリラの古い町並み、チベット仏教寺院,高度が心を試す,春秋：最適／夏：活気／冬：静寂,峠を越えた安堵,挑戦,★判断不可★,高度順応が鍵,,
26,ジーザス・トレイル,イスラエル,#歴史 #巡礼,ナザレ 〜 カペナウム,約100〜800km,イエス・キリストが宣教して歩いたガリラヤ湖畔の道。史跡を結ぶ巡礼路。,カナの婚礼教会、アルベル山の断崖、ガリラヤ湖,この道は、人が歩き続けることで意味を持つ,春秋：最適／夏：活気／冬：静寂,土地の料理・景色・静けさ,巡礼,★判断不可★,旅の編集者より：最初は一部区間からで十分,,
27,コッツウォルズ・ウェイ,イギリス,#自然 #文化,チッピング・カムデン 〜 バース,★判断不可★,「英国で最も美しい村々」を巡る。イギリスの最も美しい村々「コッツウォルズ」の丘陵地帯を縦断するナショナル・トレイル。,蜂蜜色の石造りの家、羊の牧草地、世界遺産バースのローマ浴場,この道は、人が歩き続けることで意味を持つ,春秋：最適／夏：活気／冬：静寂,土地の料理・景色・静けさ,旅,★判断不可★,旅の編集者より：最初は一部区間からで十分,,
28,グレート・オーシャン・ウォーク,オーストラリア,#自然,アポロ・ベイ 〜 12使徒,★判断不可★,南極海を見渡す海岸線の絶景ルート。オーストラリア南海岸の絶景、奇岩「12使徒」を目指すトレイル。,12使徒（奇岩群）、ユーカリの森とコアラ、難破船海岸,命と物資が交換された山の背骨,春秋：最適／夏：活気／冬：静寂,高原の静かな村,旅,★判断不可★,文化理解で深さが変わる,,
29,甲州街道,日本,#歴史,日本橋 〜 下諏訪,約50〜500km,五街道の一つ。日本橋から内陸部を経て下諏訪で中山道と合流する道。。江戸城の脱出ルートとしての機能も。,高尾山の自然、笹子峠、甲府盆地の葡萄畑,この道は、人が歩き続けることで意味を持つ,春秋：最適／夏：活気／冬：静寂,土地の料理・景色・静けさ,旅,★判断不可★,旅の編集者より：最初は一部区間からで十分,,
30,ヨルダン・トレイル,ヨルダン,#歴史 #砂漠,ウム・カイス 〜 アカバ,約50〜500km,ヨルダンを北から南へ縦断し、ペトラ遺跡やワディ・ラム砂漠を通る壮大なルート。聖書の世界と砂漠を縦断する新しいトレイル。,ペトラ遺跡（裏ルートからの進入）、ワディ・ラム砂漠、死海,砂漠が語り始める道,春秋：最適／夏：活気／冬：静寂,紅海の光,旅,★判断不可★,夜明けと夕暮れを狙う,,
31,クングスレーデン（王様の散歩道）,スウェーデン,#自然,アビスコ 〜 ヘマヴァン,★判断不可★,スウェーデン・ラップランド地方を貫く「王様の散歩道」。オーロラ観測地としても有名。北極圏ラップランドの大自然を行く。,U字谷の絶景、トナカイの群れ、秋の紅葉とオーロラ,沈黙が贅沢になる北の道,春秋：最適／夏：活気／冬：静寂,オーロラの可能性,旅,★判断不可★,孤独が報酬になる,,
32,フィッシュリバー・キャニオン,ナミビア,#自然,ホバス 〜 アイアイス,★判断不可★,アフリカ最大、世界第二の峡谷の底を歩く。,85km続く峡谷の絶景、砂漠の星空、温泉（ゴール地点）,この道は、人が歩き続けることで意味を持つ,春秋：最適／夏：活気／冬：静寂,土地の料理・景色・静けさ,覚悟,★判断不可★,旅の編集者より：最初は一部区間からで十分,,
33,GR20,フランス（コルシカ島）,#山岳,カルヴィ 〜 コンカ,約100〜300km,「欧州で最もタフな道」と呼ばれる岩稜ルート。,地中海を見下ろす岩峰、野生のムフロン、コルシカ独自の文化,この道は、人が歩き続けることで意味を持つ,春秋：最適／夏：活気／冬：静寂,土地の料理・景色・静けさ,挑戦,★判断不可★,旅の編集者より：最初は一部区間からで十分,,
34,エベレスト街道,ネパール,#山岳,ルクラ 〜 ベースキャンプ,約100〜300km,世界最高峰を目指すトレッカーの聖地。,ナムチェバザールの活気、アマダブラムの威容、カラパタールからのエベレスト展望,森の中で人生が進む,春秋：最適／夏：活気／冬：静寂,山頂の標識,挑戦,★判断不可★,区間選びが満足度を決める,,
35,日光街道,日本,#歴史,日本橋 〜 日光東照宮,約50〜500km,徳川家康を祀る東照宮への参詣道。,世界最長の日光杉並木、千住宿などの宿場風情、神橋,地球の縁を歩く,春秋：最適／夏：活気／冬：静寂,断崖の風,旅,★判断不可★,風の強さも記憶になる,,
36,ウェスト・コースト・トレイル,カナダ,#自然,バンクーバー島,★判断不可★,かつての遭難救助路。梯子とぬかるみの冒険。,太平洋の荒波、原生林の巨木、海岸でのキャンプ,この道は、人が歩き続けることで意味を持つ,春秋：最適／夏：活気／冬：静寂,土地の料理・景色・静けさ,覚悟,★判断不可★,旅の編集者より：最初は一部区間からで十分,,
37,Wトレック（トーレス・デル・パイネ）,チリ,#自然,パタゴニア国立公園,★判断不可★,パタゴニアの氷河と岩峰を巡るW字型のルート。,トーレス（三本の岩塔）、グレイ氷河、フランセス谷,この道は、人が歩き続けることで意味を持つ,春秋：最適／夏：活気／冬：静寂,土地の料理・景色・静けさ,旅,★判断不可★,旅の編集者より：最初は一部区間からで十分,,
38,ハイドゥーク・トレイル,アメリカ,#自然,ユタ州 〜 アリゾナ州,★判断不可★,グランドキャニオンなど国立公園をつなぐ上級者向けルート。,ザ・ウェーブのような砂岩地形、川の中を歩く区間、圧倒的な荒野,この道は、人が歩き続けることで意味を持つ,春秋：最適／夏：活気／冬：静寂,土地の料理・景色・静けさ,覚悟,★判断不可★,旅の編集者より：最初は一部区間からで十分,,
39,アンナプルナ・サーキット,ネパール,#山岳,ベシサハール 〜 ナヤプル,約100〜300km,8000m峰を眺めながらトロン・ラ峠（5416m）を越える。,ヒマラヤの山岳展望、チベット文化圏の村々、高山病との戦い,権力が信仰に変わる道,春秋：最適／夏：活気／冬：静寂,杉並木の終点,挑戦,★判断不可★,冬の朝が最良,,
40,テ・アラロア,ニュージーランド,#自然 #ロング,レインガ岬 〜 スターリング・ポイント,約1000km以上,NZを北から南まで3000km縦断する道。,トンガリロ火山の横断、北島のビーチ、南島のサザンアルプス,この道は、人が歩き続けることで意味を持つ,春秋：最適／夏：活気／冬：静寂,土地の料理・景色・静けさ,覚悟,★判断不可★,旅の編集者より：最初は一部区間からで十分,,
41,シナイ・トレイル,エジプト,#歴史 #砂漠,アカバ湾 〜 聖カタリナ修道院,約50〜500km,ベドウィンの伝統的なルートを歩く。,シナイ山の日の出、砂漠のオアシス、満天の星空,この道は、人が歩き続けることで意味を持つ,春秋：最適／夏：活気／冬：静寂,土地の料理・景色・静けさ,旅,★判断不可★,旅の編集者より：最初は一部区間からで十分,,
42,塩の道（千国街道）,日本,#歴史,糸魚川 〜 松本,約50〜500km,日本海から内陸へ塩を運んだ道。,白馬連峰の展望、古民家の集落、牛方宿,この道は、人が歩き続けることで意味を持つ,春秋：最適／夏：活気／冬：静寂,土地の料理・景色・静けさ,旅,★判断不可★,旅の編集者より：最初は一部区間からで十分,,
43,萩往還,日本,#歴史,萩 〜 防府,約50〜500km,幕末の志士（維新の志士）たちが往来した道。,石畳の古道、一の坂の難所、明治維新ゆかりの史跡,この道は、人が歩き続けることで意味を持つ,春秋：最適／夏：活気／冬：静寂,土地の料理・景色・静けさ,旅,★判断不可★,旅の編集者より：最初は一部区間からで十分,,
44,トランス・ブータン・トレイル,ブータン,#歴史 #自然,ハ 〜 タシガン,約50〜500km,60年ぶりに復活したヒマラヤ王国の横断道。,手つかずの自然、ゾン（城塞）巡り、ブータンの伝統文化体験,この道は、人が歩き続けることで意味を持つ,春秋：最適／夏：活気／冬：静寂,土地の料理・景色・静けさ,旅,★判断不可★,旅の編集者より：最初は一部区間からで十分,,
45,エル・カミーノ・レアル,アメリカ（CA）,#歴史,サンディエゴ 〜 ソノマ,約50〜500km,スペイン伝道所（ミッション）を結ぶ「王の道」。,ミッション・サンタバーバラなどの教会建築、カリフォルニアの海岸線,この道は、人が歩き続けることで意味を持つ,春秋：最適／夏：活気／冬：静寂,土地の料理・景色・静けさ,旅,★判断不可★,旅の編集者より：最初は一部区間からで十分,,
46,鯖街道（若狭街道）,日本,#歴史,小浜 〜 京都,約50〜500km,若狭湾で獲れた鯖を京都へ運んだ道。,熊川宿の町並み、三千院周辺の風景、鯖寿司,この道は、人が歩き続けることで意味を持つ,春秋：最適／夏：活気／冬：静寂,土地の料理・景色・静けさ,旅,★判断不可★,旅の編集者より：最初は一部区間からで十分,,
47,ビブムン・トラック,オーストラリア,#自然,パース近郊 〜 アルバニー,★判断不可★,西オーストラリアの固有植物を楽しむ。,ユーカリの巨木（カリの森）、春のワイルドフラワー、野生のカンガルー,この道は、人が歩き続けることで意味を持つ,春秋：最適／夏：活気／冬：静寂,土地の料理・景色・静けさ,旅,★判断不可★,旅の編集者より：最初は一部区間からで十分,,
48,ドラゴンズ・バック,香港,#自然,香港島南東部,★判断不可★,アジアのベスト・ハイキングコースの一つ。,南シナ海の展望、稜線歩き、ゴール後のビーチと海鮮料理,この道は、人が歩き続けることで意味を持つ,春秋：最適／夏：活気／冬：静寂,土地の料理・景色・静けさ,旅,★判断不可★,旅の編集者より：最初は一部区間からで十分,,
49,サウス・ウェスト・コースト・パス,イギリス,#自然,マインヘッド 〜 プール,★判断不可★,英国最長のナショナル・トレイル。海岸線を歩く。,ジュラシック・コースト（化石海岸）、ランズ・エンド（地の果て）、灯台のある風景,この道は、人が歩き続けることで意味を持つ,春秋：最適／夏：活気／冬：静寂,土地の料理・景色・静けさ,旅,★判断不可★,旅の編集者より：最初は一部区間からで十分,,
50,北国街道,日本,#歴史,追分 〜 高田,約50〜500km,佐渡の金を江戸へ運び、善光寺参りの客で賑わった道。,海野宿・小諸宿の町並み、善光寺、野尻湖,この道は、人が歩き続けることで意味を持つ,春秋：最適／夏：活気／冬：静寂,土地の料理・景色・静けさ,旅,★判断不可★,旅の編集者より：最初は一部区間からで十分,,
51,ヴィア・フランシジェナ（トスカーナ区間）,イタリア,#歴史 #巡礼,ルッカ 〜 シエナ,約100〜800km,糸杉と丘陵の巡礼路,クレタ・セネーゼの白い丘、シエナ旧市街,この道は、人が歩き続けることで意味を持つ,春秋：最適／夏：活気／冬：静寂,土地の料理・景色・静けさ,巡礼,★判断不可★,旅の編集者より：最初は一部区間からで十分,,
52,アルプス越え・ブレンナー街道,伊/墺,#歴史 #交易,ヴェローナ 〜 インスブルック,約50〜500km,古代からの南北交易路,ブレンナー峠、チロルの谷,この道は、人が歩き続けることで意味を持つ,春秋：最適／夏：活気／冬：静寂,土地の料理・景色・静けさ,旅,★判断不可★,旅の編集者より：最初は一部区間からで十分,,
53,サンティアゴ・デ・コンポステーラ（北の道）,スペイン,#巡礼 #自然,イルン 〜 サンティアゴ,約100〜800km,海沿いを進む静かな巡礼路,ビスケー湾、断崖の村,この道は、人が歩き続けることで意味を持つ,春秋：最適／夏：活気／冬：静寂,土地の料理・景色・静けさ,巡礼,★判断不可★,旅の編集者より：最初は一部区間からで十分,,
54,カミーノ・プリミティーボ,スペイン,#巡礼,オビエド 〜 サンティアゴ,約100〜800km,最古の巡礼路,山岳越え、素朴な村,この道は、人が歩き続けることで意味を持つ,春秋：最適／夏：活気／冬：静寂,土地の料理・景色・静けさ,巡礼,★判断不可★,旅の編集者より：最初は一部区間からで十分,,
55,ドロミテ・アルタヴィア1,イタリア,#山岳,ブライエス湖 〜 ベッルーノ,約100〜300km,白い岩峰の縦走路,トレ・チーメ、夕焼けの岩壁,この道は、人が歩き続けることで意味を持つ,春秋：最適／夏：活気／冬：静寂,土地の料理・景色・静けさ,挑戦,★判断不可★,旅の編集者より：最初は一部区間からで十分,,
56,レーティッシュ街道,スイス,#歴史,クール 〜 サンモリッツ,約50〜500km,ローマ時代のアルプス道,石橋、エンガディン渓谷,この道は、人が歩き続けることで意味を持つ,春秋：最適／夏：活気／冬：静寂,土地の料理・景色・静けさ,旅,★判断不可★,旅の編集者より：最初は一部区間からで十分,,
57,ヴィア・クラウディア・アウグスタ,独/墺/伊,#歴史,ドナウヴェルト 〜 アルティーノ,約50〜500km,ローマ帝国の幹線道路,アルプス峠越え、石碑,この道は、人が歩き続けることで意味を持つ,春秋：最適／夏：活気／冬：静寂,土地の料理・景色・静けさ,旅,★判断不可★,旅の編集者より：最初は一部区間からで十分,,
58,ポルトガルの道（カミーノ・ポルトゲース）,葡/西,#巡礼,ポルト 〜 サンティアゴ,約100〜800km,海と町を結ぶ巡礼路,ポルト旧市街、木道海岸,この道は、人が歩き続けることで意味を持つ,春秋：最適／夏：活気／冬：静寂,土地の料理・景色・静けさ,巡礼,★判断不可★,旅の編集者より：最初は一部区間からで十分,,
59,セント・クスベルト・ウェイ,英/蘇,#歴史,メルローズ 〜 リンディスファーン,約50〜500km,修道士の聖なる道,潮が引くと現れる島道,この道は、人が歩き続けることで意味を持つ,春秋：最適／夏：活気／冬：静寂,土地の料理・景色・静けさ,旅,★判断不可★,旅の編集者より：最初は一部区間からで十分,,
60,ペニン・ウェイ,イギリス,#自然,エデール 〜 カーク・イェトホルム,★判断不可★,英国最古の長距離道,ヒースの荒野、石垣,この道は、人が歩き続けることで意味を持つ,春秋：最適／夏：活気／冬：静寂,土地の料理・景色・静けさ,旅,★判断不可★,旅の編集者より：最初は一部区間からで十分,,
61,ノルディック・ピルグリム・パス,デンマーク,#巡礼,ロスキレ 〜 ドイツ国境,約100〜800km,北欧の静かな巡礼路,海沿いの草原、白い教会,この道は、人が歩き続けることで意味を持つ,春秋：最適／夏：活気／冬：静寂,土地の料理・景色・静けさ,巡礼,★判断不可★,旅の編集者より：最初は一部区間からで十分,,
62,カルパチア・トレイル,ポーランド,#山岳,ビェシュチャディ山地,約100〜300km,東欧の原風景,草原稜線、野生馬,この道は、人が歩き続けることで意味を持つ,春秋：最適／夏：活気／冬：静寂,土地の料理・景色・静けさ,挑戦,★判断不可★,旅の編集者より：最初は一部区間からで十分,,
63,レイキャヴィーク・ウォーク,アイスランド,#自然,市街周回,★判断不可★,火山と海の都市路,溶岩原、温泉,この道は、人が歩き続けることで意味を持つ,春秋：最適／夏：活気／冬：静寂,土地の料理・景色・静けさ,旅,★判断不可★,旅の編集者より：最初は一部区間からで十分,,
64,ヴィア・ディ・サン・ベネデット,イタリア,#巡礼,ノルチャ 〜 モンテカッシーノ,約100〜800km,修道院を結ぶ山道,修道院遺跡、オリーブ畑,この道は、人が歩き続けることで意味を持つ,春秋：最適／夏：活気／冬：静寂,土地の料理・景色・静けさ,巡礼,★判断不可★,旅の編集者より：最初は一部区間からで十分,,
65,グラン・ルート・デ・ザルプ,フランス,#山岳,レマン湖 〜 地中海,約100〜300km,アルプス峠の連続,イゾラ2000、氷河,この道は、人が歩き続けることで意味を持つ,春秋：最適／夏：活気／冬：静寂,土地の料理・景色・静けさ,挑戦,★判断不可★,旅の編集者より：最初は一部区間からで十分,,
66,シュヴァルツヴァルト・ヴェーク,ドイツ,#自然,プフォルツハイム 〜 バーゼル,★判断不可★,黒い森を縦断,深い森、木組みの村,この道は、人が歩き続けることで意味を持つ,春秋：最適／夏：活気／冬：静寂,土地の料理・景色・静けさ,旅,★判断不可★,旅の編集者より：最初は一部区間からで十分,,
67,カミーノ・デ・レバンテ,スペイン,#巡礼,バレンシア 〜 サンティアゴ,約100〜800km,地中海からの巡礼路,オレンジ畑、内陸高原,この道は、人が歩き続けることで意味を持つ,春秋：最適／夏：活気／冬：静寂,土地の料理・景色・静けさ,巡礼,★判断不可★,旅の編集者より：最初は一部区間からで十分,,
68,トランシルヴァニア街道,ルーマニア,#歴史,ブラショフ 〜 シビウ,約50〜500km,吸血鬼伝説の地,要塞教会、カルパチア山脈,この道は、人が歩き続けることで意味を持つ,春秋：最適／夏：活気／冬：静寂,土地の料理・景色・静けさ,旅,★判断不可★,旅の編集者より：最初は一部区間からで十分,,
69,ヴィア・ディナルカ,クロアチア,#自然,ディナル山脈,★判断不可★,バルカンの縦走路,石灰岩稜線、羊飼い道,この道は、人が歩き続けることで意味を持つ,春秋：最適／夏：活気／冬：静寂,土地の料理・景色・静けさ,旅,★判断不可★,旅の編集者より：最初は一部区間からで十分,,
70,セント・オラフ・ウェイ（スウェーデン区間）,スウェーデン,#巡礼,セルン 〜 ノルウェー国境,約100〜800km,森と湖の巡礼路,湖畔の小教会,この道は、人が歩き続けることで意味を持つ,春秋：最適／夏：活気／冬：静寂,土地の料理・景色・静けさ,巡礼,★判断不可★,旅の編集者より：最初は一部区間からで十分,,
71,マルタ巡礼路,マルタ,#歴史,イムディーナ 〜 港町,約50〜500km,騎士団の島,城塞都市、地中海,この道は、人が歩き続けることで意味を持つ,春秋：最適／夏：活気／冬：静寂,土地の料理・景色・静けさ,旅,★判断不可★,旅の編集者より：最初は一部区間からで十分,,
72,ルート・ナポレオン,仏,#歴史,ゴルフ＝ジュアン 〜 グルノーブル,約50〜500km,皇帝帰還の道,アルプス前衛山地,この道は、人が歩き続けることで意味を持つ,春秋：最適／夏：活気／冬：静寂,土地の料理・景色・静けさ,旅,★判断不可★,旅の編集者より：最初は一部区間からで十分,,
73,バルカン・ピース・トレイル,複数国,#自然,アルバニア〜モンテネグロ,★判断不可★,国境を越える平和の道,山岳集落、牧草地,この道は、人が歩き続けることで意味を持つ,春秋：最適／夏：活気／冬：静寂,土地の料理・景色・静けさ,旅,★判断不可★,旅の編集者より：最初は一部区間からで十分,,
74,ヴィア・マリス,伊,#歴史,ジェノヴァ沿岸,約50〜500km,地中海航路陸版,漁村、断崖道,この道は、人が歩き続けることで意味を持つ,春秋：最適／夏：活気／冬：静寂,土地の料理・景色・静けさ,旅,★判断不可★,旅の編集者より：最初は一部区間からで十分,,
75,ロフォーテン・コースタル・パス,ノルウェー,#自然,島嶼部,★判断不可★,北極圏の海岸線,フィヨルド、赤い漁小屋,この道は、人が歩き続けることで意味を持つ,春秋：最適／夏：活気／冬：静寂,土地の料理・景色・静けさ,旅,★判断不可★,旅の編集者より：最初は一部区間からで十分,,
76,ヴィア・アドリアティカ,伊,#自然,トリエステ 〜 プーリア,★判断不可★,アドリア海沿い,白い村、オリーブ畑,この道は、人が歩き続けることで意味を持つ,春秋：最適／夏：活気／冬：静寂,土地の料理・景色・静けさ,旅,★判断不可★,旅の編集者より：最初は一部区間からで十分,,
77,セント・パトリック・ウェイ,アイルランド,#巡礼,アーマー 〜 ダウンパトリック,約100〜800km,ケルトの聖道,石の十字架、牧草地,この道は、人が歩き続けることで意味を持つ,春秋：最適／夏：活気／冬：静寂,土地の料理・景色・静けさ,巡礼,★判断不可★,旅の編集者より：最初は一部区間からで十分,,
78,ラップランド・トレイル,フィンランド,#自然,北極圏,★判断不可★,サーミの土地,白夜、トナカイ,この道は、人が歩き続けることで意味を持つ,春秋：最適／夏：活気／冬：静寂,土地の料理・景色・静けさ,旅,★判断不可★,旅の編集者より：最初は一部区間からで十分,,
79,カミーノ・デ・モンテサンティアゴ,スペイン,#巡礼,マドリード 〜 サンティアゴ,約100〜800km,首都発の巡礼路,メセタ高原,この道は、人が歩き続けることで意味を持つ,春秋：最適／夏：活気／冬：静寂,土地の料理・景色・静けさ,巡礼,★判断不可★,旅の編集者より：最初は一部区間からで十分,,
80,バイキング・ヘリテージ・ルート,北欧,#歴史,デンマーク〜ノルウェー,約50〜500km,ヴァイキング交易路,港湾遺跡、博物館,この道は、人が歩き続けることで意味を持つ,春秋：最適／夏：活気／冬：静寂,土地の料理・景色・静けさ,旅,★判断不可★,旅の編集者より：最初は一部区間からで十分,,
81,プロヴァンス・ラベンダー街道,フランス,#文化,ソー周辺,★判断不可★,香りの道,紫の丘、石造村,この道は、人が歩き続けることで意味を持つ,春秋：最適／夏：活気／冬：静寂,土地の料理・景色・静けさ,旅,★判断不可★,旅の編集者より：最初は一部区間からで十分,,
82,ヴィア・デッラ・ラーナ,イタリア,#歴史,フィレンツェ 〜 ファエンツァ,約50〜500km,羊毛交易路,アペニン山脈,この道は、人が歩き続けることで意味を持つ,春秋：最適／夏：活気／冬：静寂,土地の料理・景色・静けさ,旅,★判断不可★,旅の編集者より：最初は一部区間からで十分,,
83,アルバニア石畳街道,アルバニア,#歴史,ジロカストラ周辺,約50〜500km,オスマン遺産,石造都市,この道は、人が歩き続けることで意味を持つ,春秋：最適／夏：活気／冬：静寂,土地の料理・景色・静けさ,旅,★判断不可★,旅の編集者より：最初は一部区間からで十分,,
84,セント・ジェームズ・ウェイ（イングランド）,英,#巡礼,レディング 〜 サウサンプトン,約100〜800km,英国版巡礼路,テムズ支流,この道は、人が歩き続けることで意味を持つ,春秋：最適／夏：活気／冬：静寂,土地の料理・景色・静けさ,巡礼,★判断不可★,旅の編集者より：最初は一部区間からで十分,,
85,モン・サン・ミシェル巡礼路,仏,#巡礼,パリ 〜 モン・サン・ミシェル,約100〜800km,海へ向かう道,潮の干満、修道院,この道は、人が歩き続けることで意味を持つ,春秋：最適／夏：活気／冬：静寂,土地の料理・景色・静けさ,巡礼,★判断不可★,旅の編集者より：最初は一部区間からで十分,,
86,カミーノ・デル・ノルテ（ガリシア区間）,スペイン,#巡礼,リバデオ 〜 サンティアゴ,約100〜800km,緑の巡礼路,入江と草原,この道は、人が歩き続けることで意味を持つ,春秋：最適／夏：活気／冬：静寂,土地の料理・景色・静けさ,巡礼,★判断不可★,旅の編集者より：最初は一部区間からで十分,,
87,ピレネー縦走路（HRP）,仏/西,#山岳,大西洋 〜 地中海,約100〜300km,稜線縦断,雪渓、無人地帯,この道は、人が歩き続けることで意味を持つ,春秋：最適／夏：活気／冬：静寂,土地の料理・景色・静けさ,挑戦,★判断不可★,旅の編集者より：最初は一部区間からで十分,,
88,エトナ山古道,イタリア,#自然,エトナ山麓,★判断不可★,火山信仰の道,黒い溶岩原,この道は、人が歩き続けることで意味を持つ,春秋：最適／夏：活気／冬：静寂,土地の料理・景色・静けさ,旅,★判断不可★,旅の編集者より：最初は一部区間からで十分,,
89,セント・アンドリューズ・パス,スコットランド,#歴史,エディンバラ 〜 セントアンドリューズ,約50〜500km,巡礼とゴルフ,海岸線,この道は、人が歩き続けることで意味を持つ,春秋：最適／夏：活気／冬：静寂,土地の料理・景色・静けさ,旅,★判断不可★,旅の編集者より：最初は一部区間からで十分,,
90,ヴィア・デル・サーレ,伊,#歴史,リグーリア〜ピエモンテ,約50〜500km,塩の交易路,石畳峠,この道は、人が歩き続けることで意味を持つ,春秋：最適／夏：活気／冬：静寂,土地の料理・景色・静けさ,旅,★判断不可★,旅の編集者より：最初は一部区間からで十分,,
91,バスク内陸路,西,#文化,パンプローナ周辺,★判断不可★,山の巡礼路,バスク文化,この道は、人が歩き続けることで意味を持つ,春秋：最適／夏：活気／冬：静寂,土地の料理・景色・静けさ,旅,★判断不可★,旅の編集者より：最初は一部区間からで十分,,
92,カミーノ・イングレス,西,#巡礼,フェロル 〜 サンティアゴ,約100〜800km,海港発,入港町,この道は、人が歩き続けることで意味を持つ,春秋：最適／夏：活気／冬：静寂,土地の料理・景色・静けさ,巡礼,★判断不可★,旅の編集者より：最初は一部区間からで十分,,
93,トスカーナ・ワイン街道,伊,#文化,キャンティ,★判断不可★,葡萄畑,ワイナリー,この道は、人が歩き続けることで意味を持つ,春秋：最適／夏：活気／冬：静寂,土地の料理・景色・静けさ,旅,★判断不可★,旅の編集者より：最初は一部区間からで十分,,
94,ドナウ河畔自転車道,複数国,#自然,パッサウ 〜 ウィーン,★判断不可★,川の道,古都,この道は、人が歩き続けることで意味を持つ,春秋：最適／夏：活気／冬：静寂,土地の料理・景色・静けさ,旅,★判断不可★,旅の編集者より：最初は一部区間からで十分,,
95,ローマ水道橋路,伊,#歴史,ローマ郊外,約50〜500km,水の道,アクアドゥクト,この道は、人が歩き続けることで意味を持つ,春秋：最適／夏：活気／冬：静寂,土地の料理・景色・静けさ,旅,★判断不可★,旅の編集者より：最初は一部区間からで十分,,
96,スイス・アルパイン・パス,スイス,#山岳,各峠,約100〜300km,高山越え,氷河,この道は、人が歩き続けることで意味を持つ,春秋：最適／夏：活気／冬：静寂,土地の料理・景色・静けさ,挑戦,★判断不可★,旅の編集者より：最初は一部区間からで十分,,
97,スロベニア・グリーン・ウェイ,スロベニア,#自然,国内周回,★判断不可★,森と湖,ブレッド湖,この道は、人が歩き続けることで意味を持つ,春秋：最適／夏：活気／冬：静寂,土地の料理・景色・静けさ,旅,★判断不可★,旅の編集者より：最初は一部区間からで十分,,
98,カタルーニャ古道,西,#歴史,内陸部,約50〜500km,修道院路,モンセラット,この道は、人が歩き続けることで意味を持つ,春秋：最適／夏：活気／冬：静寂,土地の料理・景色・静けさ,旅,★判断不可★,旅の編集者より：最初は一部区間からで十分,,
99,ノルマンディ巡礼路,仏,#歴史,内陸〜海岸,約50〜500km,中世信仰,修道院,この道は、人が歩き続けることで意味を持つ,春秋：最適／夏：活気／冬：静寂,土地の料理・景色・静けさ,旅,★判断不可★,旅の編集者より：最初は一部区間からで十分,,
100,ブルゴーニュ運河道,仏,#文化,ディジョン周辺,★判断不可★,水と葡萄,運河と畑,この道は、人が歩き続けることで意味を持つ,春秋：最適／夏：活気／冬：静寂,土地の料理・景色・静けさ,旅,★判断不可★,旅の編集者より：最初は一部区間からで十分,,
101,アルデンヌ古戦場街道,ベルギー/仏,#歴史,ディナン 〜 スダン,約50〜500km,欧州史の分岐点となった森の道,深い森、要塞都市,この道は、人が歩き続けることで意味を持つ,春秋：最適／夏：活気／冬：静寂,土地の料理・景色・静けさ,旅,★判断不可★,旅の編集者より：最初は一部区間からで十分,,
102,ライン古城街道,ドイツ,#歴史 #文化,コブレンツ 〜 ビンゲン,約50〜500km,ライン渓谷の城を結ぶ,古城群、ローレライ岩,この道は、人が歩き続けることで意味を持つ,春秋：最適／夏：活気／冬：静寂,土地の料理・景色・静けさ,旅,★判断不可★,旅の編集者より：最初は一部区間からで十分,,
103,セント・オールバンズ巡礼路,イギリス,#巡礼,ロンドン 〜 セント・オールバンズ,約100〜800km,中世英国の信仰路,大聖堂、田園,この道は、人が歩き続けることで意味を持つ,春秋：最適／夏：活気／冬：静寂,土地の料理・景色・静けさ,巡礼,★判断不可★,旅の編集者より：最初は一部区間からで十分,,
104,カンタブリア山道,スペイン,#自然,レオン 〜 サンタンデール,★判断不可★,山と海を結ぶ旧道,石橋、牧草地,この道は、人が歩き続けることで意味を持つ,春秋：最適／夏：活気／冬：静寂,土地の料理・景色・静けさ,旅,★判断不可★,旅の編集者より：最初は一部区間からで十分,,
105,ヴィア・デル・フランコリ,イタリア,#歴史,ブレシア 〜 トレント,約50〜500km,ローマ北方ルート,石畳、谷沿い集落,この道は、人が歩き続けることで意味を持つ,春秋：最適／夏：活気／冬：静寂,土地の料理・景色・静けさ,旅,★判断不可★,旅の編集者より：最初は一部区間からで十分,,
106,アンダルシア白い村街道,スペイン,#文化,ロンダ周辺,★判断不可★,白壁の村を巡る,断崖都市、オリーブ畑,この道は、人が歩き続けることで意味を持つ,春秋：最適／夏：活気／冬：静寂,土地の料理・景色・静けさ,旅,★判断不可★,旅の編集者より：最初は一部区間からで十分,,
107,セント・マグナス・ウェイ,スコットランド,#巡礼,カークウォール周辺,約100〜800km,北海の巡礼路,荒海、石造教会,この道は、人が歩き続けることで意味を持つ,春秋：最適／夏：活気／冬：静寂,土地の料理・景色・静けさ,巡礼,★判断不可★,旅の編集者より：最初は一部区間からで十分,,
108,バルドー渓谷古道,フランス,#自然,アルプス南部,★判断不可★,人里離れた峠道,高山草原,この道は、人が歩き続けることで意味を持つ,春秋：最適／夏：活気／冬：静寂,土地の料理・景色・静けさ,旅,★判断不可★,旅の編集者より：最初は一部区間からで十分,,
109,ヴィア・ポスティミア,イタリア/スロベニア,#歴史,アクイレイア 〜 エモナ,約50〜500km,古代ローマ道,石畳遺構,この道は、人が歩き続けることで意味を持つ,春秋：最適／夏：活気／冬：静寂,土地の料理・景色・静けさ,旅,★判断不可★,旅の編集者より：最初は一部区間からで十分,,
110,エーゲ海島嶼古道,ギリシャ,#歴史 #自然,キクラデス諸島,約50〜500km,島をつなぐ古道,白い礼拝堂、青い海,この道は、人が歩き続けることで意味を持つ,春秋：最適／夏：活気／冬：静寂,土地の料理・景色・静けさ,旅,★判断不可★,旅の編集者より：最初は一部区間からで十分,,
111,アトス山巡礼路,ギリシャ,#巡礼,ハルキディキ半島,約100〜800km,正教会の聖山,修道院群,この道は、人が歩き続けることで意味を持つ,春秋：最適／夏：活気／冬：静寂,土地の料理・景色・静けさ,巡礼,★判断不可★,旅の編集者より：最初は一部区間からで十分,,
112,ドルメン街道,フランス,★判断不可★,ブルターニュ,★判断不可★,巨石文化の道,巨石墳,この道は、人が歩き続けることで意味を持つ,春秋：最適／夏：活気／冬：静寂,土地の料理・景色・静けさ,旅,★判断不可★,旅の編集者より：最初は一部区間からで十分,,
113,セント・ウルリッヒ街道,ドイツ,#巡礼,アウクスブルク周辺,約100〜800km,聖人信仰の道,森と教会,この道は、人が歩き続けることで意味を持つ,春秋：最適／夏：活気／冬：静寂,土地の料理・景色・静けさ,巡礼,★判断不可★,旅の編集者より：最初は一部区間からで十分,,
114,トレンティーノ古道,イタリア,#山岳,ドロミテ山麓,約100〜300km,山岳集落連絡路,岩壁と牧草地,この道は、人が歩き続けることで意味を持つ,春秋：最適／夏：活気／冬：静寂,土地の料理・景色・静けさ,挑戦,★判断不可★,旅の編集者より：最初は一部区間からで十分,,
115,アゾレス火山トレイル,ポルトガル,#自然,サンミゲル島,★判断不可★,火山島の道,カルデラ湖,この道は、人が歩き続けることで意味を持つ,春秋：最適／夏：活気／冬：静寂,土地の料理・景色・静けさ,旅,★判断不可★,旅の編集者より：最初は一部区間からで十分,,
116,ヴィア・ディ・サン・ロムアルド,イタリア,#巡礼,カマルドリ周辺,約100〜800km,隠遁修道士の道,深い森,この道は、人が歩き続けることで意味を持つ,春秋：最適／夏：活気／冬：静寂,土地の料理・景色・静けさ,巡礼,★判断不可★,旅の編集者より：最初は一部区間からで十分,,
117,フィヨルド古街道,ノルウェー,#自然,内陸〜海,★判断不可★,山越えの生活道,フィヨルド展望,この道は、人が歩き続けることで意味を持つ,春秋：最適／夏：活気／冬：静寂,土地の料理・景色・静けさ,旅,★判断不可★,旅の編集者より：最初は一部区間からで十分,,
118,サヴォイ公国街道,仏/伊,#歴史,トリノ 〜 リヨン,約50〜500km,アルプス政治路,峠道,この道は、人が歩き続けることで意味を持つ,春秋：最適／夏：活気／冬：静寂,土地の料理・景色・静けさ,旅,★判断不可★,旅の編集者より：最初は一部区間からで十分,,
119,ピレネー羊飼い道,仏/西,#文化,山岳放牧路,★判断不可★,季節移動の道,石小屋,この道は、人が歩き続けることで意味を持つ,春秋：最適／夏：活気／冬：静寂,土地の料理・景色・静けさ,旅,★判断不可★,旅の編集者より：最初は一部区間からで十分,,
120,エトルリア街道,イタリア,#歴史,ヴィテルボ周辺,約50〜500km,ローマ以前の文明路,岩窟墓,この道は、人が歩き続けることで意味を持つ,春秋：最適／夏：活気／冬：静寂,土地の料理・景色・静けさ,旅,★判断不可★,旅の編集者より：最初は一部区間からで十分,,
121,セント・ブルーノの道,フランス,#巡礼,シャルトルーズ山地,約100〜800km,修道院への道,静寂,この道は、人が歩き続けることで意味を持つ,春秋：最適／夏：活気／冬：静寂,土地の料理・景色・静けさ,巡礼,★判断不可★,旅の編集者より：最初は一部区間からで十分,,
122,バスク海岸道,フランス/スペイン,#自然,ビアリッツ 〜 サンセバスチャン,★判断不可★,海沿い古道,崖と港町,この道は、人が歩き続けることで意味を持つ,春秋：最適／夏：活気／冬：静寂,土地の料理・景色・静けさ,旅,★判断不可★,旅の編集者より：最初は一部区間からで十分,,
123,スロバキア城街道,スロバキア,#歴史,ブラチスラヴァ周辺,約50〜500km,城塞連結路,ドナウ流域,この道は、人が歩き続けることで意味を持つ,春秋：最適／夏：活気／冬：静寂,土地の料理・景色・静けさ,旅,★判断不可★,旅の編集者より：最初は一部区間からで十分,,
124,トランシルヴァニア・サクソン道,ルーマニア,#歴史,要塞村群,約50〜500km,中世ドイツ系集落,城壁教会,この道は、人が歩き続けることで意味を持つ,春秋：最適／夏：活気／冬：静寂,土地の料理・景色・静けさ,旅,★判断不可★,旅の編集者より：最初は一部区間からで十分,,
125,コルシカ沿岸古道,フランス,#自然,島沿岸,★判断不可★,交易・漁路,入江,この道は、人が歩き続けることで意味を持つ,春秋：最適／夏：活気／冬：静寂,土地の料理・景色・静けさ,旅,★判断不可★,旅の編集者より：最初は一部区間からで十分,,
126,クレタ島ミノア道,ギリシャ,★判断不可★,クノッソス周辺,★判断不可★,古代文明路,遺跡,この道は、人が歩き続けることで意味を持つ,春秋：最適／夏：活気／冬：静寂,土地の料理・景色・静けさ,旅,★判断不可★,旅の編集者より：最初は一部区間からで十分,,
127,ボヘミア・ガラス街道,チェコ,#文化,北ボヘミア,★判断不可★,職人交易路,ガラス工房,この道は、人が歩き続けることで意味を持つ,春秋：最適／夏：活気／冬：静寂,土地の料理・景色・静けさ,旅,★判断不可★,旅の編集者より：最初は一部区間からで十分,,
128,フィンランド湖水路,フィンランド,#自然,湖水地方,★判断不可★,水と森の道,白夜,この道は、人が歩き続けることで意味を持つ,春秋：最適／夏：活気／冬：静寂,土地の料理・景色・静けさ,旅,★判断不可★,旅の編集者より：最初は一部区間からで十分,,
129,ドルミティ古戦場道,イタリア,#歴史,山岳戦跡,約50〜500km,第一次大戦の道,塹壕跡,この道は、人が歩き続けることで意味を持つ,春秋：最適／夏：活気／冬：静寂,土地の料理・景色・静けさ,旅,★判断不可★,旅の編集者より：最初は一部区間からで十分,,
130,サルデーニャ羊飼い道,イタリア,#文化,島内山地,★判断不可★,遊牧文化,石積み小屋,この道は、人が歩き続けることで意味を持つ,春秋：最適／夏：活気／冬：静寂,土地の料理・景色・静けさ,旅,★判断不可★,旅の編集者より：最初は一部区間からで十分,,
131,ダルマチア海岸古道,クロアチア,#歴史 #自然,スプリト 〜 ドゥブロヴニク,約50〜500km,アドリア海を望む断崖道,石造旧市街、群島の海,この道は、人が歩き続けることで意味を持つ,春秋：最適／夏：活気／冬：静寂,土地の料理・景色・静けさ,旅,★判断不可★,旅の編集者より：最初は一部区間からで十分,,
132,バルカン山脈越えの道,ブルガリア,#歴史,ソフィア 〜 黒海沿岸,約50〜500km,帝国の境界を越える道,山岳峠、修道院,この道は、人が歩き続けることで意味を持つ,春秋：最適／夏：活気／冬：静寂,土地の料理・景色・静けさ,旅,★判断不可★,旅の編集者より：最初は一部区間からで十分,,
133,アドリア・ヴィア・ディナリカ,バルカン諸国,#山岳,スロベニア 〜 アルバニア,約100〜300km,石灰岩の大縦走路,カルスト地形、牧畜文化,この道は、人が歩き続けることで意味を持つ,春秋：最適／夏：活気／冬：静寂,土地の料理・景色・静けさ,挑戦,★判断不可★,旅の編集者より：最初は一部区間からで十分,,
134,オフリド湖巡礼路,北マケドニア,#巡礼 #文化,湖周回,約100〜800km,正教文化の中心,湖畔教会、ビザンティン壁画,この道は、人が歩き続けることで意味を持つ,春秋：最適／夏：活気／冬：静寂,土地の料理・景色・静けさ,巡礼,★判断不可★,旅の編集者より：最初は一部区間からで十分,,
135,トラキア古道,ブルガリア/ギリシャ,#歴史,内陸高原,約50〜500km,古代王国の道,墳墓、葡萄畑,この道は、人が歩き続けることで意味を持つ,春秋：最適／夏：活気／冬：静寂,土地の料理・景色・静けさ,旅,★判断不可★,旅の編集者より：最初は一部区間からで十分,,
136,エピルス山岳古道,ギリシャ,#山岳,イオアニナ周辺,約100〜300km,石橋の残る山道,ヴィコス峡谷,この道は、人が歩き続けることで意味を持つ,春秋：最適／夏：活気／冬：静寂,土地の料理・景色・静けさ,挑戦,★判断不可★,旅の編集者より：最初は一部区間からで十分,,
137,モンテネグロ王道,モンテネグロ,#歴史,チェティニェ 〜 海岸,約50〜500km,王国時代の連絡路,山岳とアドリア海の対比,この道は、人が歩き続けることで意味を持つ,春秋：最適／夏：活気／冬：静寂,土地の料理・景色・静けさ,旅,★判断不可★,旅の編集者より：最初は一部区間からで十分,,
138,アルバニア・石橋街道,アルバニア,#歴史,ジロカストラ周辺,約50〜500km,オスマン期の道,アーチ橋、石の町,この道は、人が歩き続けることで意味を持つ,春秋：最適／夏：活気／冬：静寂,土地の料理・景色・静けさ,旅,★判断不可★,旅の編集者より：最初は一部区間からで十分,,
139,サヴァ川交易路,スロベニア/クロアチア,#交易,内陸 〜 ドナウ,★判断不可★,川と陸の交差点,河畔都市,この道は、人が歩き続けることで意味を持つ,春秋：最適／夏：活気／冬：静寂,土地の料理・景色・静けさ,旅,★判断不可★,旅の編集者より：最初は一部区間からで十分,,
140,バルト琥珀街道,バルト三国,#交易,バルト海沿岸,★判断不可★,古代の宝石交易路,森と海、博物館,この道は、人が歩き続けることで意味を持つ,春秋：最適／夏：活気／冬：静寂,土地の料理・景色・静けさ,旅,★判断不可★,旅の編集者より：最初は一部区間からで十分,,
141,クールシュー砂州道,リトアニア,#自然,砂州縦断,★判断不可★,風と砂の道,砂丘、松林,この道は、人が歩き続けることで意味を持つ,春秋：最適／夏：活気／冬：静寂,土地の料理・景色・静けさ,旅,★判断不可★,旅の編集者より：最初は一部区間からで十分,,
142,リガ旧市街巡礼路,ラトビア,#歴史,市内周回,約50〜500km,ハンザ都市の道,石畳、ギルド建築,この道は、人が歩き続けることで意味を持つ,春秋：最適／夏：活気／冬：静寂,土地の料理・景色・静けさ,旅,★判断不可★,旅の編集者より：最初は一部区間からで十分,,
143,タリン城壁路,エストニア,#歴史,旧市街周回,約50〜500km,中世防衛線,城壁と塔,この道は、人が歩き続けることで意味を持つ,春秋：最適／夏：活気／冬：静寂,土地の料理・景色・静けさ,旅,★判断不可★,旅の編集者より：最初は一部区間からで十分,,
144,サーレマー島古道,エストニア,#文化,島内,★判断不可★,北欧とバルトの交差,風車、石教会,この道は、人が歩き続けることで意味を持つ,春秋：最適／夏：活気／冬：静寂,土地の料理・景色・静けさ,旅,★判断不可★,旅の編集者より：最初は一部区間からで十分,,
145,ゴットランド交易路,スウェーデン,#歴史,島内,約50〜500km,ハンザ時代の中継地,城壁都市ヴィスビュー,この道は、人が歩き続けることで意味を持つ,春秋：最適／夏：活気／冬：静寂,土地の料理・景色・静けさ,旅,★判断不可★,旅の編集者より：最初は一部区間からで十分,,
146,オーランド諸島海路,フィンランド,#文化,諸島,★判断不可★,海と航路の文化,群島景観,この道は、人が歩き続けることで意味を持つ,春秋：最適／夏：活気／冬：静寂,土地の料理・景色・静けさ,旅,★判断不可★,旅の編集者より：最初は一部区間からで十分,,
147,フェロー諸島羊道,デンマーク自治領,#自然,島内,★判断不可★,羊が作った道,断崖草原,この道は、人が歩き続けることで意味を持つ,春秋：最適／夏：活気／冬：静寂,土地の料理・景色・静けさ,旅,★判断不可★,旅の編集者より：最初は一部区間からで十分,,
148,アゾレス古捕鯨道,ポルトガル,#歴史,島沿岸,約50〜500km,大西洋の端,海と火山,この道は、人が歩き続けることで意味を持つ,春秋：最適／夏：活気／冬：静寂,土地の料理・景色・静けさ,旅,★判断不可★,旅の編集者より：最初は一部区間からで十分,,
149,マデイラ・レヴァダ道,ポルトガル,#自然,島内水路,★判断不可★,灌漑水路沿い,緑の断崖,この道は、人が歩き続けることで意味を持つ,春秋：最適／夏：活気／冬：静寂,土地の料理・景色・静けさ,旅,★判断不可★,旅の編集者より：最初は一部区間からで十分,,
150,カナリア諸島王道,スペイン,#歴史,島内,約50〜500km,大航海時代の道,火山地形,この道は、人が歩き続けることで意味を持つ,春秋：最適／夏：活気／冬：静寂,土地の料理・景色・静けさ,旅,★判断不可★,旅の編集者より：最初は一部区間からで十分,,
151,サルデーニャ・ヌラーゲ街道,イタリア,★判断不可★,島内,★判断不可★,巨石文明の道,円塔遺構,この道は、人が歩き続けることで意味を持つ,春秋：最適／夏：活気／冬：静寂,土地の料理・景色・静けさ,旅,★判断不可★,旅の編集者より：最初は一部区間からで十分,,
152,シチリア内陸古道,イタリア,#歴史,山岳内陸,約50〜500km,地中海文明交差点,古代遺跡,この道は、人が歩き続けることで意味を持つ,春秋：最適／夏：活気／冬：静寂,土地の料理・景色・静けさ,旅,★判断不可★,旅の編集者より：最初は一部区間からで十分,,
153,マルサシュロック漁師道,マルタ,#文化,港周辺,★判断不可★,地中海漁村,カラフル船,この道は、人が歩き続けることで意味を持つ,春秋：最適／夏：活気／冬：静寂,土地の料理・景色・静けさ,旅,★判断不可★,旅の編集者より：最初は一部区間からで十分,,
154,コルフ島修道院路,ギリシャ,#巡礼,島内,約100〜800km,イオニア海の緑,海と修道院,この道は、人が歩き続けることで意味を持つ,春秋：最適／夏：活気／冬：静寂,土地の料理・景色・静けさ,巡礼,★判断不可★,旅の編集者より：最初は一部区間からで十分,,
155,クレタ島山岳横断路,ギリシャ,#山岳,白山脈,約100〜300km,峡谷縦断,サマリア峡谷,この道は、人が歩き続けることで意味を持つ,春秋：最適／夏：活気／冬：静寂,土地の料理・景色・静けさ,挑戦,★判断不可★,旅の編集者より：最初は一部区間からで十分,,
156,キプロス銅鉱街道,キプロス,#歴史,山地 〜 港,約50〜500km,青銅時代の道,鉱山跡,この道は、人が歩き続けることで意味を持つ,春秋：最適／夏：活気／冬：静寂,土地の料理・景色・静けさ,旅,★判断不可★,旅の編集者より：最初は一部区間からで十分,,
157,アルプス・ジュリア街道,伊/斯,#山岳,山脈横断,約100〜300km,隠れたアルプス,エメラルド川,この道は、人が歩き続けることで意味を持つ,春秋：最適／夏：活気／冬：静寂,土地の料理・景色・静けさ,挑戦,★判断不可★,旅の編集者より：最初は一部区間からで十分,,
158,スロベニア修道院道,スロベニア,#巡礼,山間部,約100〜800km,静かな信仰路,小修道院,この道は、人が歩き続けることで意味を持つ,春秋：最適／夏：活気／冬：静寂,土地の料理・景色・静けさ,巡礼,★判断不可★,旅の編集者より：最初は一部区間からで十分,,
159,ドナウ湿原路,ルーマニア,#自然,デルタ周辺,★判断不可★,水鳥の王国,葦原、舟移動,この道は、人が歩き続けることで意味を持つ,春秋：最適／夏：活気／冬：静寂,土地の料理・景色・静けさ,旅,★判断不可★,旅の編集者より：最初は一部区間からで十分,,
160,黒海沿岸古道,ルーマニア/ブルガリア,#歴史,海岸線,約50〜500km,古代植民市の道,遺跡と海,この道は、人が歩き続けることで意味を持つ,春秋：最適／夏：活気／冬：静寂,土地の料理・景色・静けさ,旅,★判断不可★,旅の編集者より：最初は一部区間からで十分,,
161,シルクロード（河西回廊）,中国,#歴史 #交易,西安 〜 敦煌,約50〜500km,シルクロードの核心区間。長安から敦煌へ向かう、中国国内の主要ルート。,張掖丹霞、嘉峪関、莫高窟,この道は、人が歩き続けることで意味を持つ,春秋：最適／夏：活気／冬：静寂,土地の料理・景色・静けさ,旅,★判断不可★,旅の編集者より：最初は一部区間からで十分,,
162,シルクロード（天山北路）,中国/中央アジア,#歴史,ウルムチ 〜 イリ,約50〜500km,オアシスと草原の道。,天山山脈の北側、遊牧民のエリアを行くルート。,天山山脈、遊牧民,この道は、人が歩き続けることで意味を持つ,春秋：最適／夏：活気／冬：静寂,土地の料理・景色・静けさ,旅,★判断不可★,旅の編集者より：最初は一部区間からで十分,,
163,パミール・ハイウェイ,タジキスタン,#山岳,オシュ 〜 ホログ,約100〜300km,世界屈指の高所道路,パミール高原、湖,この道は、人が歩き続けることで意味を持つ,春秋：最適／夏：活気／冬：静寂,土地の料理・景色・静けさ,挑戦,★判断不可★,旅の編集者より：最初は一部区間からで十分,,
164,カラコルム街道,中国/パキスタン,#交易 #山岳,カシュガル 〜 イスラマバード,約100〜300km,雲上の交易路,フンザ渓谷、氷河,この道は、人が歩き続けることで意味を持つ,春秋：最適／夏：活気／冬：静寂,土地の料理・景色・静けさ,挑戦,★判断不可★,旅の編集者より：最初は一部区間からで十分,,
165,仏陀の道（ガンダーラ）,パキスタン,#歴史,ペシャワール周辺,約50〜500km,仏教美術発祥地,石仏遺跡,この道は、人が歩き続けることで意味を持つ,春秋：最適／夏：活気／冬：静寂,土地の料理・景色・静けさ,旅,★判断不可★,旅の編集者より：最初は一部区間からで十分,,
166,玄奘三蔵の道,中国/中央アジア,#巡礼,長安 〜 インド,約100〜800km,求法僧の旅,砂漠越え,この道は、人が歩き続けることで意味を持つ,春秋：最適／夏：活気／冬：静寂,土地の料理・景色・静けさ,巡礼,★判断不可★,旅の編集者より：最初は一部区間からで十分,,
167,ガンジス巡礼路,インド,#巡礼,ハリドワール 〜 バラナシ,約100〜800km,ヒンドゥー最大の聖道,ガート、夜の祈り,この道は、人が歩き続けることで意味を持つ,春秋：最適／夏：活気／冬：静寂,土地の料理・景色・静けさ,巡礼,★判断不可★,旅の編集者より：最初は一部区間からで十分,,
168,ヒマラヤ塩交易路,ネパール/チベット,#交易,高地峠,★判断不可★,塩と穀物の道,石造村,この道は、人が歩き続けることで意味を持つ,春秋：最適／夏：活気／冬：静寂,土地の料理・景色・静けさ,旅,★判断不可★,旅の編集者より：最初は一部区間からで十分,,
169,ラダック王道,インド,#歴史 #山岳,レー周辺,約100〜300km,チベット文化圏,僧院、峠,この道は、人が歩き続けることで意味を持つ,春秋：最適／夏：活気／冬：静寂,土地の料理・景色・静けさ,挑戦,★判断不可★,旅の編集者より：最初は一部区間からで十分,,
170,ザンスカール古道,インド,#山岳,凍結川沿い,約100〜300km,冬の氷上路,氷河渓谷,この道は、人が歩き続けることで意味を持つ,春秋：最適／夏：活気／冬：静寂,土地の料理・景色・静けさ,挑戦,★判断不可★,旅の編集者より：最初は一部区間からで十分,,
171,仏教八大聖地巡礼路,インド/ネパール,#巡礼,ルンビニ〜ブッダガヤ,約100〜800km,仏教の原点,菩提樹,この道は、人が歩き続けることで意味を持つ,春秋：最適／夏：活気／冬：静寂,土地の料理・景色・静けさ,巡礼,★判断不可★,旅の編集者より：最初は一部区間からで十分,,
172,タクラマカン砂漠南路（シルクロード（西域南道））,中国,#歴史,ホータン 〜 敦煌,約50〜500km,砂漠縁の道。タクラマカン砂漠の南縁を行く、玄奘三蔵が帰路に通った道。,オアシス都市,この道は、人が歩き続けることで意味を持つ,春秋：最適／夏：活気／冬：静寂,土地の料理・景色・静けさ,旅,★判断不可★,旅の編集者より：最初は一部区間からで十分,,
173,チベット巡礼道（コルラ）,中国,#巡礼,ラサ周辺,約100〜800km,五体投地の道,ポタラ宮,この道は、人が歩き続けることで意味を持つ,春秋：最適／夏：活気／冬：静寂,土地の料理・景色・静けさ,巡礼,★判断不可★,旅の編集者より：最初は一部区間からで十分,,
174,ヤク交易路,チベット高原,#交易,高原集落,★判断不可★,遊牧民の道,放牧風景,この道は、人が歩き続けることで意味を持つ,春秋：最適／夏：活気／冬：静寂,土地の料理・景色・静けさ,旅,★判断不可★,旅の編集者より：最初は一部区間からで十分,,
175,カラコルム・ハイウェイ,パキスタン/中国,Karakoram Highway,アボッターバード 〜 カシュガル,夏,「天空の道」。かつてのシルクロード支線をなぞる、世界最高所の国境越えルート。,絶景への畏怖,8000m峰の威容,春秋：最適／夏：活気／冬：静寂,土地の料理・景色・静けさ,旅,★判断不可★,旅の編集者より：最初は一部区間からで十分,,
176,バーミヤン谷古道,アフガニスタン,#歴史,山間部,約50〜500km,石仏の谷,大仏跡,この道は、人が歩き続けることで意味を持つ,春秋：最適／夏：活気／冬：静寂,土地の料理・景色・静けさ,旅,★判断不可★,旅の編集者より：最初は一部区間からで十分,,
177,ペルシア王の道,イラン,#歴史,サルディス 〜 スーサ,約50〜500km,最古の官道,遺跡,この道は、人が歩き続けることで意味を持つ,春秋：最適／夏：活気／冬：静寂,土地の料理・景色・静けさ,旅,★判断不可★,旅の編集者より：最初は一部区間からで十分,,
178,香料の道,アラビア半島,#交易,イエメン 〜 地中海,★判断不可★,乳香交易路,砂漠都市,この道は、人が歩き続けることで意味を持つ,春秋：最適／夏：活気／冬：静寂,土地の料理・景色・静けさ,旅,★判断不可★,旅の編集者より：最初は一部区間からで十分,,
179,メソポタミア街道,イラク,#歴史,チグリス流域,約50〜500km,文明発祥,遺跡,この道は、人が歩き続けることで意味を持つ,春秋：最適／夏：活気／冬：静寂,土地の料理・景色・静けさ,旅,★判断不可★,旅の編集者より：最初は一部区間からで十分,,
180,ナバテア交易路,ヨルダン,#歴史,ペトラ周辺,約50〜500km,岩の都,キャニオン,この道は、人が歩き続けることで意味を持つ,春秋：最適／夏：活気／冬：静寂,土地の料理・景色・静けさ,旅,★判断不可★,旅の編集者より：最初は一部区間からで十分,,
181,シナイ巡礼路,エジプト,#巡礼,砂漠横断,約100〜800km,旧約聖書,修道院,この道は、人が歩き続けることで意味を持つ,春秋：最適／夏：活気／冬：静寂,土地の料理・景色・静けさ,巡礼,★判断不可★,旅の編集者より：最初は一部区間からで十分,,
182,ヒジャーズ鉄道沿線路,サウジ/ヨルダン,#歴史,ダマスカス 〜 メディナ,約50〜500km,近代巡礼路,駅舎遺構,この道は、人が歩き続けることで意味を持つ,春秋：最適／夏：活気／冬：静寂,土地の料理・景色・静けさ,旅,★判断不可★,旅の編集者より：最初は一部区間からで十分,,
183,シルクロード南支線,中国,#歴史,四川 〜 雲南,約50〜500km,山岳交易,茶畑,この道は、人が歩き続けることで意味を持つ,春秋：最適／夏：活気／冬：静寂,土地の料理・景色・静けさ,旅,★判断不可★,旅の編集者より：最初は一部区間からで十分,,
184,茶馬古道（雲南支線）,中国,#歴史,普洱 〜 麗江,約50〜500km,馬と茶,石畳,この道は、人が歩き続けることで意味を持つ,春秋：最適／夏：活気／冬：静寂,土地の料理・景色・静けさ,旅,★判断不可★,旅の編集者より：最初は一部区間からで十分,,
185,雲南古道,中国,#文化,山間部,★判断不可★,少数民族の道,伝統村,この道は、人が歩き続けることで意味を持つ,春秋：最適／夏：活気／冬：静寂,土地の料理・景色・静けさ,旅,★判断不可★,旅の編集者より：最初は一部区間からで十分,,
186,メコン巡礼路,ラオス,#文化,河岸,★判断不可★,水と信仰,僧の托鉢,この道は、人が歩き続けることで意味を持つ,春秋：最適／夏：活気／冬：静寂,土地の料理・景色・静けさ,旅,★判断不可★,旅の編集者より：最初は一部区間からで十分,,
187,アンコール参詣道,カンボジア,#歴史,都城内,約50〜500km,王都の道,回廊,この道は、人が歩き続けることで意味を持つ,春秋：最適／夏：活気／冬：静寂,土地の料理・景色・静けさ,旅,★判断不可★,旅の編集者より：最初は一部区間からで十分,,
188,王都・古都連絡路,日本,#歴史,奈良 〜 京都,約50〜500km,日本古代の官道,山背の道,この道は、人が歩き続けることで意味を持つ,春秋：最適／夏：活気／冬：静寂,土地の料理・景色・静けさ,旅,★判断不可★,旅の編集者より：最初は一部区間からで十分,,
189,高句麗山城路,北東アジア,#歴史,山城群,約50〜500km,防衛道,石積,この道は、人が歩き続けることで意味を持つ,春秋：最適／夏：活気／冬：静寂,土地の料理・景色・静けさ,旅,★判断不可★,旅の編集者より：最初は一部区間からで十分,,
190,朝鮮半島古街道,韓国,#歴史,漢城 〜 地方,約50〜500km,王朝路,石畳,この道は、人が歩き続けることで意味を持つ,春秋：最適／夏：活気／冬：静寂,土地の料理・景色・静けさ,旅,★判断不可★,旅の編集者より：最初は一部区間からで十分,,
191,王舎城古道,インド,#歴史,ラージギル周辺,約50〜500km,仏陀が歩いた霊場の道,霊鷲山、石段,この道は、人が歩き続けることで意味を持つ,春秋：最適／夏：活気／冬：静寂,土地の料理・景色・静けさ,旅,★判断不可★,旅の編集者より：最初は一部区間からで十分,,
192,チベット東回廊,中国,#歴史 #山岳,四川 〜 ラサ,約100〜300km,僧侶と商人の道,高原草原、僧院,この道は、人が歩き続けることで意味を持つ,春秋：最適／夏：活気／冬：静寂,土地の料理・景色・静けさ,挑戦,★判断不可★,旅の編集者より：最初は一部区間からで十分,,
193,ブータン聖山巡礼路,ブータン,#巡礼 #自然,タクツァン周辺,約100〜800km,信仰と森の道,虎の巣僧院,この道は、人が歩き続けることで意味を持つ,春秋：最適／夏：活気／冬：静寂,土地の料理・景色・静けさ,巡礼,★判断不可★,旅の編集者より：最初は一部区間からで十分,,
194,ヒマラヤ南麓交易路,インド/ネパール,#交易,平野部 〜 山岳,★判断不可★,穀物と塩の往還,テライ平原,この道は、人が歩き続けることで意味を持つ,春秋：最適／夏：活気／冬：静寂,土地の料理・景色・静けさ,旅,★判断不可★,旅の編集者より：最初は一部区間からで十分,,
195,マラッカ香料街道,マレーシア,#交易,港市内,★判断不可★,海のシルクロード,オランダ広場,この道は、人が歩き続けることで意味を持つ,春秋：最適／夏：活気／冬：静寂,土地の料理・景色・静けさ,旅,★判断不可★,旅の編集者より：最初は一部区間からで十分,,
196,王の道（スコータイ古道）,タイ,#歴史,スコータイ周辺,約50〜500km,王都連絡路,遺跡公園,この道は、人が歩き続けることで意味を持つ,春秋：最適／夏：活気／冬：静寂,土地の料理・景色・静けさ,旅,★判断不可★,旅の編集者より：最初は一部区間からで十分,,
197,黄金の三角地帯古道,タイ/ラオス/ミャンマー,#歴史,山岳国境,約50〜500km,密林交易路,メコン河合流,この道は、人が歩き続けることで意味を持つ,春秋：最適／夏：活気／冬：静寂,土地の料理・景色・静けさ,旅,★判断不可★,旅の編集者より：最初は一部区間からで十分,,
198,パガン巡礼路,ミャンマー,#歴史,平原周回,約50〜500km,仏塔の海,朝焼け,この道は、人が歩き続けることで意味を持つ,春秋：最適／夏：活気／冬：静寂,土地の料理・景色・静けさ,旅,★判断不可★,旅の編集者より：最初は一部区間からで十分,,
199,インドシナ山岳少数民族路,ベトナム,#文化,サパ周辺,★判断不可★,山岳民族の生活道,棚田,この道は、人が歩き続けることで意味を持つ,春秋：最適／夏：活気／冬：静寂,土地の料理・景色・静けさ,旅,★判断不可★,旅の編集者より：最初は一部区間からで十分,,
200,メコン古交易路,ラオス/カンボジア,#交易,河岸都市,★判断不可★,河のシルクロード,水上市場,この道は、人が歩き続けることで意味を持つ,春秋：最適／夏：活気／冬：静寂,土地の料理・景色・静けさ,旅,★判断不可★,旅の編集者より：最初は一部区間からで十分,,
201,アユタヤ王道,タイ,#歴史,王都内外,約50〜500km,古都連絡路,仏頭樹,この道は、人が歩き続けることで意味を持つ,春秋：最適／夏：活気／冬：静寂,土地の料理・景色・静けさ,旅,★判断不可★,旅の編集者より：最初は一部区間からで十分,,
202,シャン高原交易路,ミャンマー,#交易,高原集落,★判断不可★,翡翠交易,山岳市場,この道は、人が歩き続けることで意味を持つ,春秋：最適／夏：活気／冬：静寂,土地の料理・景色・静けさ,旅,★判断不可★,旅の編集者より：最初は一部区間からで十分,,
203,チャムパ古道,ベトナム,#歴史,中部沿岸,約50〜500km,海洋王国の道,レンガ塔,この道は、人が歩き続けることで意味を持つ,春秋：最適／夏：活気／冬：静寂,土地の料理・景色・静けさ,旅,★判断不可★,旅の編集者より：最初は一部区間からで十分,,
204,ジャワ王都連絡路,インドネシア,#歴史,内陸〜港,約50〜500km,火山王国の道,ボロブドゥール,この道は、人が歩き続けることで意味を持つ,春秋：最適／夏：活気／冬：静寂,土地の料理・景色・静けさ,旅,★判断不可★,旅の編集者より：最初は一部区間からで十分,,
205,バリ島聖水巡礼路,インドネシア,#巡礼,寺院間,約100〜800km,水の信仰,ティルタ・エンプル,この道は、人が歩き続けることで意味を持つ,春秋：最適／夏：活気／冬：静寂,土地の料理・景色・静けさ,巡礼,★判断不可★,旅の編集者より：最初は一部区間からで十分,,
206,スマトラ黄金交易路,インドネシア,#交易,山地〜港,★判断不可★,金の道,密林,この道は、人が歩き続けることで意味を持つ,春秋：最適／夏：活気／冬：静寂,土地の料理・景色・静けさ,旅,★判断不可★,旅の編集者より：最初は一部区間からで十分,,
207,ランナー古道,タイ,#文化,チェンマイ周辺,★判断不可★,北タイ文化,木造寺院,この道は、人が歩き続けることで意味を持つ,春秋：最適／夏：活気／冬：静寂,土地の料理・景色・静けさ,旅,★判断不可★,旅の編集者より：最初は一部区間からで十分,,
208,雲南・ビルマ古道,中国/ミャンマー,#交易,山岳越え,★判断不可★,茶と翡翠,峠集落,この道は、人が歩き続けることで意味を持つ,春秋：最適／夏：活気／冬：静寂,土地の料理・景色・静けさ,旅,★判断不可★,旅の編集者より：最初は一部区間からで十分,,
209,南詔古道,中国,#歴史,大理周辺,約50〜500km,古王国の道,石城,この道は、人が歩き続けることで意味を持つ,春秋：最適／夏：活気／冬：静寂,土地の料理・景色・静けさ,旅,★判断不可★,旅の編集者より：最初は一部区間からで十分,,
210,ネパール王道,ネパール,#歴史,カトマンズ盆地,約50〜500km,王都連絡,古都広場,この道は、人が歩き続けることで意味を持つ,春秋：最適／夏：活気／冬：静寂,土地の料理・景色・静けさ,旅,★判断不可★,旅の編集者より：最初は一部区間からで十分,,
211,カンチェンジュンガ巡礼路,ネパール/インド,#巡礼 #山岳,山麓,約100〜300km,聖峰信仰,雪峰,この道は、人が歩き続けることで意味を持つ,春秋：最適／夏：活気／冬：静寂,土地の料理・景色・静けさ,挑戦,★判断不可★,旅の編集者より：最初は一部区間からで十分,,
212,ブラマプトラ河岸路,インド,#文化,河沿い,★判断不可★,大河文明,祭礼,この道は、人が歩き続けることで意味を持つ,春秋：最適／夏：活気／冬：静寂,土地の料理・景色・静けさ,旅,★判断不可★,旅の編集者より：最初は一部区間からで十分,,
213,高野参詣道（小辺路）,日本,#巡礼,熊野 〜 高野山,約100〜800km,山岳縦断の難路,雲海,この道は、人が歩き続けることで意味を持つ,春秋：最適／夏：活気／冬：静寂,土地の料理・景色・静けさ,巡礼,★判断不可★,旅の編集者より：最初は一部区間からで十分,,
214,秋田マタギ道,日本,#文化,山間部,★判断不可★,狩猟文化,ブナ林,この道は、人が歩き続けることで意味を持つ,春秋：最適／夏：活気／冬：静寂,土地の料理・景色・静けさ,旅,★判断不可★,旅の編集者より：最初は一部区間からで十分,,
215,出羽三山参詣道,日本,#巡礼,羽黒山 〜 月山,約100〜800km,修験の道,石段,この道は、人が歩き続けることで意味を持つ,春秋：最適／夏：活気／冬：静寂,土地の料理・景色・静けさ,巡礼,★判断不可★,旅の編集者より：最初は一部区間からで十分,,
216,伊勢本街道,日本,#歴史,奈良 〜 伊勢,約50〜500km,お伊勢参り,宿場町,この道は、人が歩き続けることで意味を持つ,春秋：最適／夏：活気／冬：静寂,土地の料理・景色・静けさ,旅,★判断不可★,旅の編集者より：最初は一部区間からで十分,,
217,能登古道,日本,#歴史,半島内,約50〜500km,海と山の道,棚田,この道は、人が歩き続けることで意味を持つ,春秋：最適／夏：活気／冬：静寂,土地の料理・景色・静けさ,旅,★判断不可★,旅の編集者より：最初は一部区間からで十分,,
218,五島列島教会道,日本,#歴史,島内,約50〜500km,潜伏キリシタン,海辺教会,この道は、人が歩き続けることで意味を持つ,春秋：最適／夏：活気／冬：静寂,土地の料理・景色・静けさ,旅,★判断不可★,旅の編集者より：最初は一部区間からで十分,,
219,琉球王府道,日本,#歴史,首里 〜 港,約50〜500km,海洋王国の道,石畳,この道は、人が歩き続けることで意味を持つ,春秋：最適／夏：活気／冬：静寂,土地の料理・景色・静けさ,旅,★判断不可★,旅の編集者より：最初は一部区間からで十分,,
220,サハリン古交易路,ロシア極東,#交易,島内,★判断不可★,北方交易,原野,この道は、人が歩き続けることで意味を持つ,春秋：最適／夏：活気／冬：静寂,土地の料理・景色・静けさ,旅,★判断不可★,旅の編集者より：最初は一部区間からで十分,,
221,王の道（古代ペルシア）,イラン,#歴史,サルディス 〜 スーサ,約50〜500km,世界最古級の官道,王宮遺跡、石橋,この道は、人が歩き続けることで意味を持つ,春秋：最適／夏：活気／冬：静寂,土地の料理・景色・静けさ,旅,★判断不可★,旅の編集者より：最初は一部区間からで十分,,
222,アラビア香料街道,サウジ/ヨルダン,#交易,イエメン 〜 地中海,★判断不可★,乳香と没薬の道,砂漠オアシス,この道は、人が歩き続けることで意味を持つ,春秋：最適／夏：活気／冬：静寂,土地の料理・景色・静けさ,旅,★判断不可★,旅の編集者より：最初は一部区間からで十分,,
223,メディナ巡礼路,サウジアラビア,#巡礼,メッカ 〜 メディナ,約100〜800km,イスラム信仰の道,砂漠隊列,この道は、人が歩き続けることで意味を持つ,春秋：最適／夏：活気／冬：静寂,土地の料理・景色・静けさ,巡礼,★判断不可★,旅の編集者より：最初は一部区間からで十分,,
224,シリア砂漠隊商路,シリア,#歴史,パルミラ周辺,約50〜500km,オアシス都市連絡,列柱遺跡,この道は、人が歩き続けることで意味を持つ,春秋：最適／夏：活気／冬：静寂,土地の料理・景色・静けさ,旅,★判断不可★,旅の編集者より：最初は一部区間からで十分,,
225,ナイル河畔古道,エジプト,#歴史,ルクソール 〜 アスワン,約50〜500km,川と文明の道,神殿群,この道は、人が歩き続けることで意味を持つ,春秋：最適／夏：活気／冬：静寂,土地の料理・景色・静けさ,旅,★判断不可★,旅の編集者より：最初は一部区間からで十分,,
226,王家の谷参詣路,エジプト,#歴史,ルクソール西岸,約50〜500km,死後世界への道,王墓,この道は、人が歩き続けることで意味を持つ,春秋：最適／夏：活気／冬：静寂,土地の料理・景色・静けさ,旅,★判断不可★,旅の編集者より：最初は一部区間からで十分,,
227,シナイ山巡礼古道,エジプト,#巡礼,山麓 〜 山頂,約100〜800km,一神信仰の聖地,日の出,この道は、人が歩き続けることで意味を持つ,春秋：最適／夏：活気／冬：静寂,土地の料理・景色・静けさ,巡礼,★判断不可★,旅の編集者より：最初は一部区間からで十分,,
228,アクスム巡礼路,エチオピア,#歴史,高原都市,約50〜500km,古代王国,石柱,この道は、人が歩き続けることで意味を持つ,春秋：最適／夏：活気／冬：静寂,土地の料理・景色・静けさ,旅,★判断不可★,旅の編集者より：最初は一部区間からで十分,,
229,ラリベラ聖堂道,エチオピア,#巡礼,市内,約100〜800km,岩窟教会群,十字架聖堂,この道は、人が歩き続けることで意味を持つ,春秋：最適／夏：活気／冬：静寂,土地の料理・景色・静けさ,巡礼,★判断不可★,旅の編集者より：最初は一部区間からで十分,,
230,サハラ横断隊商路,モロッコ〜マリ,#交易,北アフリカ 〜 西アフリカ,★判断不可★,黄金と塩の道,砂丘、星空,この道は、人が歩き続けることで意味を持つ,春秋：最適／夏：活気／冬：静寂,土地の料理・景色・静けさ,旅,★判断不可★,旅の編集者より：最初は一部区間からで十分,,
231,トンブクトゥ学問街道,マリ,#歴史,ニジェール河岸,約50〜500km,イスラム学問都市,泥のモスク,この道は、人が歩き続けることで意味を持つ,春秋：最適／夏：活気／冬：静寂,土地の料理・景色・静けさ,旅,★判断不可★,旅の編集者より：最初は一部区間からで十分,,
232,タッシリ・ナジェール岩絵路,アルジェリア,★判断不可★,高原一帯,★判断不可★,1万年前の記録,岩絵群,この道は、人が歩き続けることで意味を持つ,春秋：最適／夏：活気／冬：静寂,土地の料理・景色・静けさ,旅,★判断不可★,旅の編集者より：最初は一部区間からで十分,,
233,アトラス山脈越え古道,モロッコ,#交易,山岳峠,★判断不可★,山岳ベルベル道,カスバ,この道は、人が歩き続けることで意味を持つ,春秋：最適／夏：活気／冬：静寂,土地の料理・景色・静けさ,旅,★判断不可★,旅の編集者より：最初は一部区間からで十分,,
234,フェズ巡礼路,モロッコ,★判断不可★,内陸,★判断不可★,聖都への道,旧市街,この道は、人が歩き続けることで意味を持つ,春秋：最適／夏：活気／冬：静寂,土地の料理・景色・静けさ,旅,★判断不可★,旅の編集者より：最初は一部区間からで十分,,
235,スワヒリ交易路,ケニア/タンザニア,#交易,港市連結,★判断不可★,インド洋交易,ストーンタウン,この道は、人が歩き続けることで意味を持つ,春秋：最適／夏：活気／冬：静寂,土地の料理・景色・静けさ,旅,★判断不可★,旅の編集者より：最初は一部区間からで十分,,
236,大地溝帯遊牧路,ケニア,#文化,草原,★判断不可★,牧畜民の道,野生動物,この道は、人が歩き続けることで意味を持つ,春秋：最適／夏：活気／冬：静寂,土地の料理・景色・静けさ,旅,★判断不可★,旅の編集者より：最初は一部区間からで十分,,
237,ナミブ砂漠古道,ナミビア,#自然,沿岸,★判断不可★,世界最古の砂漠,砂丘,この道は、人が歩き続けることで意味を持つ,春秋：最適／夏：活気／冬：静寂,土地の料理・景色・静けさ,旅,★判断不可★,旅の編集者より：最初は一部区間からで十分,,
238,オッター・トレイル,南アフリカ,route=hiking name="Otter Trail",ストームズ・リバー 〜 ネイチャーズ・バレー,春・秋,インド洋の荒波と断崖絶壁を行く、世界一美しい海岸トレイルのひとつ。,波しぶき,世界一の海岸美,春秋：最適／夏：活気／冬：静寂,土地の料理・景色・静けさ,旅,★判断不可★,旅の編集者より：最初は一部区間からで十分,,
239,喜望峰沿岸路,南アフリカ,#歴史,ケープ半島,約50〜500km,大洋の交差点,海岸断崖,この道は、人が歩き続けることで意味を持つ,春秋：最適／夏：活気／冬：静寂,土地の料理・景色・静けさ,旅,★判断不可★,旅の編集者より：最初は一部区間からで十分,,
240,ズールー王道,南アフリカ,#歴史,内陸,約50〜500km,王国軍事路,草原,この道は、人が歩き続けることで意味を持つ,春秋：最適／夏：活気／冬：静寂,土地の料理・景色・静けさ,旅,★判断不可★,旅の編集者より：最初は一部区間からで十分,,
241,マダガスカル高地道,マダガスカル,#文化,高原,★判断不可★,島独自文明,棚田,この道は、人が歩き続けることで意味を持つ,春秋：最適／夏：活気／冬：静寂,土地の料理・景色・静けさ,旅,★判断不可★,旅の編集者より：最初は一部区間からで十分,,
242,バンディアガラ断崖道,マリ,#文化,断崖沿い,★判断不可★,ドゴン族,岩村,この道は、人が歩き続けることで意味を持つ,春秋：最適／夏：活気／冬：静寂,土地の料理・景色・静けさ,旅,★判断不可★,旅の編集者より：最初は一部区間からで十分,,
243,カルタゴ古道,チュニジア,#歴史,沿岸,約50〜500km,地中海覇権,遺跡,この道は、人が歩き続けることで意味を持つ,春秋：最適／夏：活気／冬：静寂,土地の料理・景色・静けさ,旅,★判断不可★,旅の編集者より：最初は一部区間からで十分,,
244,リビア沿岸ローマ道,リビア,#歴史,沿岸都市,約50〜500km,帝国辺境,石道,この道は、人が歩き続けることで意味を持つ,春秋：最適／夏：活気／冬：静寂,土地の料理・景色・静けさ,旅,★判断不可★,旅の編集者より：最初は一部区間からで十分,,
245,紅海巡礼路,エジプト/サウジ,#巡礼,港 〜 内陸,約100〜800km,海と砂漠,港町,この道は、人が歩き続けることで意味を持つ,春秋：最適／夏：活気／冬：静寂,土地の料理・景色・静けさ,巡礼,★判断不可★,旅の編集者より：最初は一部区間からで十分,,
246,ソコトラ島古道,イエメン,#自然,島内,★判断不可★,異世界植物,竜血樹,この道は、人が歩き続けることで意味を持つ,春秋：最適／夏：活気／冬：静寂,土地の料理・景色・静けさ,旅,★判断不可★,旅の編集者より：最初は一部区間からで十分,,
247,ザンジバル香辛料道,タンザニア,#交易,島内,★判断不可★,香辛料農園,石の町,この道は、人が歩き続けることで意味を持つ,春秋：最適／夏：活気／冬：静寂,土地の料理・景色・静けさ,旅,★判断不可★,旅の編集者より：最初は一部区間からで十分,,
248,ニジェール河舟行路,西アフリカ,#交易,河沿い,★判断不可★,川の街道,舟市,この道は、人が歩き続けることで意味を持つ,春秋：最適／夏：活気／冬：静寂,土地の料理・景色・静けさ,旅,★判断不可★,旅の編集者より：最初は一部区間からで十分,,
249,コンゴ熱帯交易路,中央アフリカ,#交易,森林,★判断不可★,密林交易,大河,この道は、人が歩き続けることで意味を持つ,春秋：最適／夏：活気／冬：静寂,土地の料理・景色・静けさ,旅,★判断不可★,旅の編集者より：最初は一部区間からで十分,,
250,喜望峰〜内陸探検路,南アフリカ,★判断不可★,沿岸〜内陸,★判断不可★,探検時代の道,草原と山,この道は、人が歩き続けることで意味を持つ,春秋：最適／夏：活気／冬：静寂,土地の料理・景色・静けさ,旅,★判断不可★,旅の編集者より：最初は一部区間からで十分,,